Epoch_1,Epoch_2,Epoch_3,Epoch_4,Epoch_5,Epoch_6,Epoch_7,Epoch_8,Epoch_9,Epoch_10,Epoch_11,Epoch_12,Epoch_13,Epoch_14,Epoch_15,Epoch_16,Epoch_17,Epoch_18,Epoch_19,Epoch_20,Epoch_21,Epoch_22,Epoch_23,Epoch_24,Epoch_25,Epoch_26,Epoch_27,Epoch_28,Epoch_29,Epoch_30
2.1519601345062256,2.1383689244588218,2.132931709289551,2.1381736993789673,2.127720514933268,2.1190677483876548,2.1066017945607505,2.0980408787727356,2.0798407793045044,2.048946221669515,2.0043869813283286,1.9826245705286663,1.9466156164805095,1.9184298117955525,1.8973497947057087,1.882380227247874,1.8621775309244792,1.8386563460032146,1.817117154598236,1.8057865301767986,1.7916805346806843,1.7698887189229329,1.7364865740140278,1.7235432863235474,1.7109175721804302,1.7013020515441895,1.6845317482948303,1.682381848494212,1.6682806809743245,1.6552298665046692
