Epoch_1,Epoch_2,Epoch_3,Epoch_4,Epoch_5,Epoch_6,Epoch_7,Epoch_8,Epoch_9,Epoch_10,Epoch_11,Epoch_12,Epoch_13,Epoch_14,Epoch_15,Epoch_16,Epoch_17,Epoch_18,Epoch_19,Epoch_20,Epoch_21,Epoch_22,Epoch_23,Epoch_24,Epoch_25,Epoch_26,Epoch_27,Epoch_28,Epoch_29,Epoch_30
0.32782933861017227,0.11707631746927898,0.09559816370407741,0.09122124811013539,0.09019224221507709,0.08836186677217484,0.08804669976234436,0.08745516588290532,0.08677915235360463,0.08667820816238721,0.0863087313870589,0.08549617479244868,0.08637016266584396,0.08578913534681003,0.08566532284021378,0.08533181125919025,0.0852051352461179,0.08504374573628108,0.08450936277707417,0.08470187832911809,0.08504001920421918,0.08400991807381313,0.0844326876103878,0.08373719702164333,0.08489714190363884,0.08409315347671509,0.08385581895709038,0.0836791271964709,0.0836003137131532,0.08419271558523178
