Epoch_1,Epoch_2,Epoch_3,Epoch_4,Epoch_5,Epoch_6,Epoch_7,Epoch_8,Epoch_9,Epoch_10,Epoch_11,Epoch_12,Epoch_13,Epoch_14,Epoch_15,Epoch_16,Epoch_17,Epoch_18,Epoch_19,Epoch_20,Epoch_21,Epoch_22,Epoch_23,Epoch_24,Epoch_25,Epoch_26,Epoch_27,Epoch_28,Epoch_29,Epoch_30
2.166803240776062,2.146801551183065,2.1450196901957193,2.128272851308187,2.1306227842966714,2.1165360609690347,2.119980792204539,2.0982165733973184,2.070694923400879,2.05046675602595,2.01664799451828,1.9942234953244526,1.9583550890286763,1.9419141014417012,1.9109023610750835,1.8918720881144206,1.8784033060073853,1.8515743414560955,1.8319072326024373,1.810441513856252,1.800118088722229,1.777232825756073,1.7581802606582642,1.7429822285970051,1.7351598938306172,1.7213529547055562,1.7073723475138347,1.7019551595052083,1.6799935301144917,1.671377917130788
