Epoch_1,Epoch_2,Epoch_3,Epoch_4,Epoch_5,Epoch_6,Epoch_7,Epoch_8,Epoch_9,Epoch_10,Epoch_11,Epoch_12,Epoch_13,Epoch_14,Epoch_15,Epoch_16,Epoch_17,Epoch_18,Epoch_19,Epoch_20,Epoch_21,Epoch_22,Epoch_23,Epoch_24,Epoch_25,Epoch_26,Epoch_27,Epoch_28,Epoch_29,Epoch_30
0.28741803268591565,0.11132244889934857,0.09434506793816884,0.09273951749006908,0.08810386930902799,0.08842073877652486,0.087778240442276,0.08725494518876076,0.08637409160534541,0.08701196561257045,0.08611593147118886,0.08594149972001712,0.0859469622373581,0.08544540653626125,0.08593342701594035,0.085532841583093,0.08606140688061714,0.08509580045938492,0.08480589712659518,0.08538307994604111,0.08413033932447433,0.08498477811614673,0.08401026452581088,0.08390367776155472,0.08441877240935962,0.08435330167412758,0.0847310796380043,0.08429519087076187,0.08384489516417186,0.083835419267416
