Epoch_1,Epoch_2,Epoch_3,Epoch_4,Epoch_5,Epoch_6,Epoch_7,Epoch_8,Epoch_9,Epoch_10,Epoch_11,Epoch_12,Epoch_13,Epoch_14,Epoch_15,Epoch_16,Epoch_17,Epoch_18,Epoch_19,Epoch_20,Epoch_21,Epoch_22,Epoch_23,Epoch_24,Epoch_25,Epoch_26,Epoch_27,Epoch_28,Epoch_29,Epoch_30
2.15277361869812,2.1355068683624268,2.140653451283773,2.1292385260264077,2.121419390042623,2.120403448740641,2.1107896169026694,2.0931093295415244,2.0805395444234214,2.0592114329338074,2.032043437163035,2.000187853972117,1.9768125414848328,1.9579375584920247,1.9484952886899312,1.907267431418101,1.8858709732691448,1.8506217797597249,1.8372388283411663,1.813281814257304,1.7886606057484944,1.767530898253123,1.7458508610725403,1.7195688287417095,1.6976247429847717,1.683827539285024,1.6656480828921,1.6599919199943542,1.6519989569981892,1.6347992420196533
