Epoch_1,Epoch_2,Epoch_3,Epoch_4,Epoch_5,Epoch_6,Epoch_7,Epoch_8,Epoch_9,Epoch_10,Epoch_11,Epoch_12,Epoch_13,Epoch_14,Epoch_15,Epoch_16,Epoch_17,Epoch_18,Epoch_19,Epoch_20,Epoch_21,Epoch_22,Epoch_23,Epoch_24,Epoch_25,Epoch_26,Epoch_27,Epoch_28,Epoch_29,Epoch_30
0.7402048398808735,0.6746129213309869,0.6557680603934497,0.6405715526604071,0.6275122505862538,0.6150911764400762,0.6029893186034225,0.5901150066678117,0.5836030326238493,0.5749491531674454,0.5652261353120571,0.5576753447695476,0.5482988244149744,0.5426688595515926,0.5338080419272911,0.5273917785504969,0.5207707893557665,0.514470698193806,0.5109798262758953,0.5049346316151503,0.49909090472430717,0.49235132118550745,0.4882313207882207,0.48514766518662616,0.4782768684189494,0.4759059644326931,0.46976929728577776,0.46974463520980464,0.46592153339851194,0.46280281398354506
