Epoch_1,Epoch_2,Epoch_3,Epoch_4,Epoch_5,Epoch_6,Epoch_7,Epoch_8,Epoch_9,Epoch_10,Epoch_11,Epoch_12,Epoch_13,Epoch_14,Epoch_15,Epoch_16,Epoch_17,Epoch_18,Epoch_19,Epoch_20,Epoch_21,Epoch_22,Epoch_23,Epoch_24,Epoch_25,Epoch_26,Epoch_27,Epoch_28,Epoch_29,Epoch_30
0.7291629253364191,0.6722300805696627,0.6505595974805879,0.6399596446897925,0.6258635294146654,0.6129718050724122,0.603224765382162,0.5947275778142417,0.5858036070335202,0.5780906055031754,0.5713973914704672,0.5632396904433646,0.5552645481214291,0.5489861710769374,0.5431240333289635,0.536300777516714,0.5294606093953296,0.5250877410900302,0.5181024054201638,0.5103552358906444,0.5077045839007308,0.5021032379894722,0.49534047958327504,0.4899518549442291,0.4885977202799262,0.48318166994467016,0.47960047736400513,0.4777361189446798,0.4730414501050623,0.47126110792160036
