Epoch_1,Epoch_2,Epoch_3,Epoch_4,Epoch_5,Epoch_6,Epoch_7,Epoch_8,Epoch_9,Epoch_10,Epoch_11,Epoch_12,Epoch_13,Epoch_14,Epoch_15,Epoch_16,Epoch_17,Epoch_18,Epoch_19,Epoch_20,Epoch_21,Epoch_22,Epoch_23,Epoch_24,Epoch_25,Epoch_26,Epoch_27,Epoch_28,Epoch_29,Epoch_30
0.7295603365432926,0.6730376653554963,0.6569490767106777,0.6403135215363851,0.6259169412822259,0.611764194325703,0.6019506314905678,0.5923397680608238,0.5819627904310459,0.5723619277884321,0.5656470159204995,0.5552696021591744,0.5480381648714949,0.5398481108793398,0.5327658721586553,0.526055909802274,0.5212220921749022,0.512699699837987,0.505418367502166,0.49985017209518245,0.49442572317472316,0.4880394953053172,0.4847316651809506,0.47937608884602056,0.47453759545233193,0.4713209791881282,0.4683166617300452,0.464298230264245,0.4624734234519121,0.4596792148380745
