Epoch_1,Epoch_2,Epoch_3,Epoch_4,Epoch_5,Epoch_6,Epoch_7,Epoch_8,Epoch_9,Epoch_10,Epoch_11,Epoch_12,Epoch_13,Epoch_14,Epoch_15,Epoch_16,Epoch_17,Epoch_18,Epoch_19,Epoch_20,Epoch_21,Epoch_22,Epoch_23,Epoch_24,Epoch_25,Epoch_26,Epoch_27,Epoch_28,Epoch_29,Epoch_30
0.7487522759088656,0.6723700625140493,0.6526925473678403,0.6367938378962075,0.6238653796475108,0.6114143938553043,0.5991259871459589,0.5917021952024321,0.5818276719349187,0.5745149571721146,0.5647680148845766,0.557236779899132,0.5514117181301117,0.5429582739748606,0.5361507988557583,0.5289307046227338,0.5231420912393709,0.5162050926103825,0.5095281949857386,0.5035978122455318,0.4955442496916143,0.49283743747850745,0.4889527951798788,0.48380562110645015,0.47885898206292127,0.4759934202926915,0.4713174101783008,0.467292422783084,0.46260433022568864,0.46237468515954366
