Epoch_1,Epoch_2,Epoch_3,Epoch_4,Epoch_5,Epoch_6,Epoch_7,Epoch_8,Epoch_9,Epoch_10,Epoch_11,Epoch_12,Epoch_13,Epoch_14,Epoch_15,Epoch_16,Epoch_17,Epoch_18,Epoch_19,Epoch_20,Epoch_21,Epoch_22,Epoch_23,Epoch_24,Epoch_25,Epoch_26,Epoch_27,Epoch_28,Epoch_29,Epoch_30
0.6980135935108837,0.6747500998217885,0.6663301479525683,0.6607610051224871,0.6578873474423478,0.65431672799878,0.6511212831590234,0.6482008082110707,0.6461094713792568,0.643048059068075,0.6383203965861622,0.636650454707262,0.6331484259628668,0.6307130624608296,0.6279182073546619,0.6255684058840681,0.6236043415418485,0.6205403051725248,0.618684526478372,0.6166929308961078,0.6155321170644062,0.6128239111202519,0.6106735729589695,0.6086038537141754,0.6067329755643519,0.6053713362391402,0.6043015360832215,0.6021626455027883,0.6012553677326296,0.60054516501543
