Epoch_1,Epoch_2,Epoch_3,Epoch_4,Epoch_5,Epoch_6,Epoch_7,Epoch_8,Epoch_9,Epoch_10,Epoch_11,Epoch_12,Epoch_13,Epoch_14,Epoch_15,Epoch_16,Epoch_17,Epoch_18,Epoch_19,Epoch_20,Epoch_21,Epoch_22,Epoch_23,Epoch_24,Epoch_25,Epoch_26,Epoch_27,Epoch_28,Epoch_29,Epoch_30
0.7450460361271369,0.6736642415930585,0.6537397934169304,0.6391250700485416,0.6262527023873679,0.6116664133420805,0.5999529719352722,0.5899242389492872,0.583823823928833,0.5735912887061515,0.5638824087817494,0.555321485240285,0.5493785456913274,0.5403917905760974,0.5348480829378454,0.5277939595827242,0.5203543902897253,0.5134770047373888,0.5082974252177448,0.5045966943589653,0.4989224191119031,0.49412886863801536,0.48815668341590135,0.48482695861560543,0.48043241224637845,0.4768887719003166,0.4718661930502915,0.4684361508706721,0.46441539860353237,0.46353367741514995
