Epoch_1,Epoch_2,Epoch_3,Epoch_4,Epoch_5,Epoch_6,Epoch_7,Epoch_8,Epoch_9,Epoch_10,Epoch_11,Epoch_12,Epoch_13,Epoch_14,Epoch_15,Epoch_16,Epoch_17,Epoch_18,Epoch_19,Epoch_20,Epoch_21,Epoch_22,Epoch_23,Epoch_24,Epoch_25,Epoch_26,Epoch_27,Epoch_28,Epoch_29,Epoch_30
0.7397606707200771,0.6712218755629005,0.6540533408886049,0.6381929240575651,0.6263070400168256,0.6162022552839139,0.6037388952766977,0.5944024306971852,0.5848744145253809,0.5753231464362726,0.5670028637095196,0.5592652714833981,0.5505221840811939,0.544650701778691,0.5368101596832275,0.5299577345208424,0.5247464842912627,0.5171212427499817,0.5117766928382036,0.506230088850347,0.5003367457447983,0.4948490609483021,0.48980990444741596,0.48577902360660274,0.4811195590147158,0.4773649529712956,0.4722859930701372,0.46957186533183587,0.4664815334285178,0.46479654413897814
