Epoch_1,Epoch_2,Epoch_3,Epoch_4,Epoch_5,Epoch_6,Epoch_7,Epoch_8,Epoch_9,Epoch_10,Epoch_11,Epoch_12,Epoch_13,Epoch_14,Epoch_15,Epoch_16,Epoch_17,Epoch_18,Epoch_19,Epoch_20,Epoch_21,Epoch_22,Epoch_23,Epoch_24,Epoch_25,Epoch_26,Epoch_27,Epoch_28,Epoch_29,Epoch_30
0.7485774322253902,0.6746692672008421,0.6579168412743546,0.6448659966631634,0.6311024633849539,0.6227408074751133,0.6106520085799985,0.6013900378855264,0.5916593993582376,0.5812208946158246,0.5715186953544616,0.5635970682632633,0.5545640635781172,0.5432676643860049,0.5338706292757174,0.5231432168948941,0.5139019916697246,0.502388293568681,0.4933993102573767,0.4857414984121555,0.4745893458040749,0.4692262524511756,0.4599029094707675,0.4530352704408692,0.4456352191727336,0.44291314148321387,0.43426633157381195,0.4293084649051108,0.42708516048222056,0.4211058982988683
