Epoch_1,Epoch_2,Epoch_3,Epoch_4,Epoch_5,Epoch_6,Epoch_7,Epoch_8,Epoch_9,Epoch_10,Epoch_11,Epoch_12,Epoch_13,Epoch_14,Epoch_15,Epoch_16,Epoch_17,Epoch_18,Epoch_19,Epoch_20,Epoch_21,Epoch_22,Epoch_23,Epoch_24,Epoch_25,Epoch_26,Epoch_27,Epoch_28,Epoch_29,Epoch_30
1.2791210487484932,0.7220757603645325,0.683559775352478,0.7145774811506271,0.6887041926383972,0.6940829008817673,0.6698286458849907,0.6638490855693817,0.656607486307621,0.6392699480056763,0.633117213845253,0.6046009287238121,0.5815019905567169,0.5778353363275528,0.5448650866746902,0.5207398422062397,0.5069409608840942,0.48449044674634933,0.468508280813694,0.4576812610030174,0.4474462829530239,0.41913390159606934,0.3963675685226917,0.3802822530269623,0.38678403198719025,0.386954627931118,0.3748703636229038,0.3518870994448662,0.344602569937706,0.34512873366475105
