Epoch_1,Epoch_2,Epoch_3,Epoch_4,Epoch_5,Epoch_6,Epoch_7,Epoch_8,Epoch_9,Epoch_10,Epoch_11,Epoch_12,Epoch_13,Epoch_14,Epoch_15,Epoch_16,Epoch_17,Epoch_18,Epoch_19,Epoch_20,Epoch_21,Epoch_22,Epoch_23,Epoch_24,Epoch_25,Epoch_26,Epoch_27,Epoch_28,Epoch_29,Epoch_30
1.1782845333218575,0.7052541524171829,0.7325529083609581,0.6886518150568008,0.6780092492699623,0.6619327291846275,0.6693223044276237,0.6459582597017288,0.6499042510986328,0.6428731381893158,0.6104654669761658,0.5958876758813858,0.5825571902096272,0.6046306490898132,0.5510717369616032,0.5193798951804638,0.5116940326988697,0.5229973457753658,0.48763926699757576,0.4503433257341385,0.4436892047524452,0.4343124143779278,0.46839649975299835,0.45401886850595474,0.40521417930722237,0.4077189452946186,0.4246440976858139,0.391035333275795,0.3855128400027752,0.3739151693880558
