Epoch_1,Epoch_2,Epoch_3,Epoch_4,Epoch_5,Epoch_6,Epoch_7,Epoch_8,Epoch_9,Epoch_10,Epoch_11,Epoch_12,Epoch_13,Epoch_14,Epoch_15,Epoch_16,Epoch_17,Epoch_18,Epoch_19,Epoch_20,Epoch_21,Epoch_22,Epoch_23,Epoch_24,Epoch_25,Epoch_26,Epoch_27,Epoch_28,Epoch_29,Epoch_30
1.220565840601921,0.7567473948001862,0.688956156373024,0.6912726536393166,0.6865941062569618,0.683312714099884,0.6719942465424538,0.6534723713994026,0.6425542458891869,0.6190553903579712,0.6070995330810547,0.6492412239313126,0.5984921082854271,0.572261743247509,0.5653281211853027,0.5496115013957024,0.5281697437167168,0.5129569917917252,0.48965858295559883,0.4924324192106724,0.46055372059345245,0.428230457007885,0.4238930754363537,0.4046970270574093,0.3823937140405178,0.37899433076381683,0.3694850690662861,0.3512755148112774,0.34267520904541016,0.3532934784889221
