Epoch_1,Epoch_2,Epoch_3,Epoch_4,Epoch_5,Epoch_6,Epoch_7,Epoch_8,Epoch_9,Epoch_10,Epoch_11,Epoch_12,Epoch_13,Epoch_14,Epoch_15,Epoch_16,Epoch_17,Epoch_18,Epoch_19,Epoch_20,Epoch_21,Epoch_22,Epoch_23,Epoch_24,Epoch_25,Epoch_26,Epoch_27,Epoch_28,Epoch_29,Epoch_30
0.8684488981962204,0.6671280264854431,0.6374200955033302,0.6427593603730202,0.6375570967793465,0.622841089963913,0.6190041750669479,0.6221813708543777,0.6219538003206253,0.6205114871263504,0.6083432361483574,0.5974189639091492,0.5962353125214577,0.5850400179624557,0.6470361799001694,0.6392434239387512,0.594276525080204,0.6035647243261337,0.593264177441597,0.5827465653419495,0.5898822546005249,0.5938050821423531,0.588391862809658,0.5917364582419395,0.5785356014966965,0.5668273530900478,0.5824083164334297,0.5796677321195602,0.5830973908305168,0.5798362568020821
