Epoch_1,Epoch_2,Epoch_3,Epoch_4,Epoch_5,Epoch_6,Epoch_7,Epoch_8,Epoch_9,Epoch_10,Epoch_11,Epoch_12,Epoch_13,Epoch_14,Epoch_15,Epoch_16,Epoch_17,Epoch_18,Epoch_19,Epoch_20,Epoch_21,Epoch_22,Epoch_23,Epoch_24,Epoch_25,Epoch_26,Epoch_27,Epoch_28,Epoch_29,Epoch_30
1.1917295306921005,0.7715989053249359,0.7013899683952332,0.6972407624125481,0.6731444969773293,0.6692855879664421,0.6422293186187744,0.6491422429680824,0.6251702681183815,0.6286117658019066,0.6124321967363358,0.586543470621109,0.5711061134934425,0.529258344322443,0.52424406260252,0.5396199151873589,0.4760676324367523,0.4737497977912426,0.44887256249785423,0.45256562903523445,0.42927534505724907,0.41948511078953743,0.39921729639172554,0.39963473752141,0.3915846236050129,0.40680720657110214,0.3793025314807892,0.36989499628543854,0.3587811067700386,0.3651551604270935
