Epoch_1,Epoch_2,Epoch_3,Epoch_4,Epoch_5,Epoch_6,Epoch_7,Epoch_8,Epoch_9,Epoch_10,Epoch_11,Epoch_12,Epoch_13,Epoch_14,Epoch_15,Epoch_16,Epoch_17,Epoch_18,Epoch_19,Epoch_20,Epoch_21,Epoch_22,Epoch_23,Epoch_24,Epoch_25,Epoch_26,Epoch_27,Epoch_28,Epoch_29,Epoch_30
1.4050283059477806,0.7528529316186905,0.6993274539709091,0.6941880956292152,0.6809166893362999,0.6786312460899353,0.6707508265972137,0.6519605368375778,0.6389083713293076,0.6494553461670876,0.6111378446221352,0.5947351008653641,0.5553468987345695,0.548252996057272,0.5355871915817261,0.5050816908478737,0.48940490186214447,0.4557552933692932,0.5118668489158154,0.5147512592375278,0.4549770653247833,0.4228590130805969,0.4189167954027653,0.40524955466389656,0.3986269235610962,0.3846891447901726,0.3692280612885952,0.3678530268371105,0.34021055698394775,0.34632426127791405
