Epoch_1,Epoch_2,Epoch_3,Epoch_4,Epoch_5,Epoch_6,Epoch_7,Epoch_8,Epoch_9,Epoch_10,Epoch_11,Epoch_12,Epoch_13,Epoch_14,Epoch_15,Epoch_16,Epoch_17,Epoch_18,Epoch_19,Epoch_20,Epoch_21,Epoch_22,Epoch_23,Epoch_24,Epoch_25,Epoch_26,Epoch_27,Epoch_28,Epoch_29,Epoch_30
1.3207515478134155,0.7709776163101196,0.7121681347489357,0.6898534074425697,0.6717389672994614,0.6662919670343399,0.6581108570098877,0.6504039093852043,0.6468987315893173,0.6365413665771484,0.62379489839077,0.6031067743897438,0.5911230444908142,0.5771310552954674,0.5644822642207146,0.5471793971955776,0.5126323513686657,0.5022272504866123,0.48798738792538643,0.5269668139517307,0.5048273652791977,0.4538513049483299,0.4388079196214676,0.4402356222271919,0.4083518609404564,0.39883312210440636,0.38815052062273026,0.3905656673014164,0.36095336824655533,0.3661128357052803
