Epoch_1,Epoch_2,Epoch_3,Epoch_4,Epoch_5,Epoch_6,Epoch_7,Epoch_8,Epoch_9,Epoch_10,Epoch_11,Epoch_12,Epoch_13,Epoch_14,Epoch_15,Epoch_16,Epoch_17,Epoch_18,Epoch_19,Epoch_20,Epoch_21,Epoch_22,Epoch_23,Epoch_24,Epoch_25,Epoch_26,Epoch_27,Epoch_28,Epoch_29,Epoch_30
1.1141743063926697,0.7947591170668602,0.7306605577468872,0.7009251788258553,0.68925741314888,0.6815789863467216,0.6755993366241455,0.6686699911952019,0.6434841379523277,0.6380608752369881,0.6202042251825333,0.6424454972147942,0.6030328795313835,0.6075156033039093,0.5818841457366943,0.5498322434723377,0.5513147711753845,0.5328179411590099,0.5178011320531368,0.49605440720915794,0.4769299738109112,0.4846598654985428,0.4715226739645004,0.4499047286808491,0.43036646768450737,0.42333483323454857,0.3967049680650234,0.40378454700112343,0.3833388052880764,0.38745539635419846
