Epoch_1,Epoch_2,Epoch_3,Epoch_4,Epoch_5,Epoch_6,Epoch_7,Epoch_8,Epoch_9,Epoch_10,Epoch_11,Epoch_12,Epoch_13,Epoch_14,Epoch_15,Epoch_16,Epoch_17,Epoch_18,Epoch_19,Epoch_20,Epoch_21,Epoch_22,Epoch_23,Epoch_24,Epoch_25,Epoch_26,Epoch_27,Epoch_28,Epoch_29,Epoch_30
0.7278157450032957,0.4752874889157035,0.36320784123557986,0.3128891826579065,0.2819369233241587,0.26227933766715456,0.24358790164644067,0.22506423260677944,0.21380485808759025,0.20389206504279916,0.19882060485807332,0.18963590636849403,0.18388792872428894,0.1773036481304602,0.17287055013531988,0.1672431660646742,0.16152340907490614,0.1577539537666422,0.15562729063359174,0.15002958245123876,0.1468635398442998,0.14345171167091889,0.1409418752812075,0.13823129270564427,0.1359339915780407,0.1334928868507797,0.12990937709356798,0.13060597477085661,0.12683113833720033,0.12690367673834166
