Epoch_1,Epoch_2,Epoch_3,Epoch_4,Epoch_5,Epoch_6,Epoch_7,Epoch_8,Epoch_9,Epoch_10,Epoch_11,Epoch_12,Epoch_13,Epoch_14,Epoch_15,Epoch_16,Epoch_17,Epoch_18,Epoch_19,Epoch_20,Epoch_21,Epoch_22,Epoch_23,Epoch_24,Epoch_25,Epoch_26,Epoch_27,Epoch_28,Epoch_29,Epoch_30
0.7410592820608255,0.514729911856579,0.38588564391389035,0.32506022128191864,0.28241366904341814,0.26049699611736066,0.24095480990680782,0.22308480479952061,0.21334898900805097,0.20360420734593362,0.19491032951257445,0.19020543699011658,0.18029093437574126,0.17601577226411214,0.1722693278482466,0.1664490353203181,0.16095578196373853,0.15697065723890608,0.15297661642685081,0.14883703597341524,0.1461689883673733,0.14305672557516533,0.1404876856302673,0.13846938532184472,0.13444838497900602,0.13313783152085362,0.1311471995643594,0.1290832950987599,0.12801734945087723,0.12637544265299133
