Epoch_1,Epoch_2,Epoch_3,Epoch_4,Epoch_5,Epoch_6,Epoch_7,Epoch_8,Epoch_9,Epoch_10,Epoch_11,Epoch_12,Epoch_13,Epoch_14,Epoch_15,Epoch_16,Epoch_17,Epoch_18,Epoch_19,Epoch_20,Epoch_21,Epoch_22,Epoch_23,Epoch_24,Epoch_25,Epoch_26,Epoch_27,Epoch_28,Epoch_29,Epoch_30
0.7425297792210723,0.47255821164810297,0.36047204719348386,0.30561402688423794,0.27973563370831084,0.2567559870129282,0.24293080988255414,0.22750024982925618,0.21792727336287498,0.20572069930759343,0.19607276379159003,0.1900994306938215,0.18438042203585306,0.17842719692623976,0.17267577237252033,0.17021402456995213,0.16298117957106142,0.16170953033548413,0.15795288505879315,0.15330735435991577,0.149736705490134,0.14578774255333524,0.14527287746243406,0.142112120929541,0.13937784059706962,0.13673856239201446,0.1338230763759577,0.13100827919940153,0.13247886446840834,0.1300550220590649
