Epoch_1,Epoch_2,Epoch_3,Epoch_4,Epoch_5,Epoch_6,Epoch_7,Epoch_8,Epoch_9,Epoch_10,Epoch_11,Epoch_12,Epoch_13,Epoch_14,Epoch_15,Epoch_16,Epoch_17,Epoch_18,Epoch_19,Epoch_20,Epoch_21,Epoch_22,Epoch_23,Epoch_24,Epoch_25,Epoch_26,Epoch_27,Epoch_28,Epoch_29,Epoch_30
0.7314063522851828,0.49552164497700607,0.390635902457165,0.3340313089164821,0.29901853971409076,0.2718131027438424,0.2505688446037697,0.23714182492006908,0.22778363740353874,0.21754839632547263,0.20983639788447003,0.2003501205507553,0.1922306331495444,0.18674308750214,0.17910787525276342,0.1737002693116665,0.17131099037148736,0.16524650433072538,0.16224019867226933,0.15958388510978583,0.15336155919640354,0.1511654110456055,0.1480415498442722,0.14529514002303281,0.1424957433094581,0.14093154222902024,0.1388778785300074,0.1335037536354679,0.13389418545094403,0.1327814252087564
