Epoch_1,Epoch_2,Epoch_3,Epoch_4,Epoch_5,Epoch_6,Epoch_7,Epoch_8,Epoch_9,Epoch_10,Epoch_11,Epoch_12,Epoch_13,Epoch_14,Epoch_15,Epoch_16,Epoch_17,Epoch_18,Epoch_19,Epoch_20,Epoch_21,Epoch_22,Epoch_23,Epoch_24,Epoch_25,Epoch_26,Epoch_27,Epoch_28,Epoch_29,Epoch_30
0.6988396752964366,0.47872922140540497,0.3665867734587554,0.31127954105084593,0.280918183764725,0.25869420577179303,0.23985983420050505,0.227020789502245,0.21461439787438422,0.20607109198516066,0.19653840758132213,0.1918801614506678,0.18183187293735417,0.17724750975541997,0.1714228347621181,0.1660676836741693,0.16097453541376375,0.15832325658111862,0.15433334982530636,0.1513748805066853,0.1496665831090826,0.14576250512265798,0.14228975953477802,0.1382724688473073,0.1362992920771693,0.13517196803833498,0.13297513951406334,0.1294286750595678,0.12973067723214626,0.12716422822665086
