Epoch_1,Epoch_2,Epoch_3,Epoch_4,Epoch_5,Epoch_6,Epoch_7,Epoch_8,Epoch_9,Epoch_10,Epoch_11,Epoch_12,Epoch_13,Epoch_14,Epoch_15,Epoch_16,Epoch_17,Epoch_18,Epoch_19,Epoch_20,Epoch_21,Epoch_22,Epoch_23,Epoch_24,Epoch_25,Epoch_26,Epoch_27,Epoch_28,Epoch_29,Epoch_30
0.7394269731911746,0.47775055106842157,0.3700262287800962,0.31261368186184857,0.28424055027690803,0.2568440418126005,0.24063049651908153,0.22637472933892047,0.21579090065576814,0.20898611787142177,0.2008187896148725,0.18971769816496156,0.18401317902360903,0.17787426839949508,0.17307380417531187,0.16810397132102287,0.16320810500871052,0.16317923039649473,0.1553570484234528,0.15402840399606663,0.1514445734069203,0.14758985969379093,0.14457868271027552,0.1431403961032629,0.14151186834682117,0.13725242447672467,0.13549735284212863,0.133986689263221,0.13285267324835964,0.13050308795363613
