Epoch_1,Epoch_2,Epoch_3,Epoch_4,Epoch_5,Epoch_6,Epoch_7,Epoch_8,Epoch_9,Epoch_10,Epoch_11,Epoch_12,Epoch_13,Epoch_14,Epoch_15,Epoch_16,Epoch_17,Epoch_18,Epoch_19,Epoch_20,Epoch_21,Epoch_22,Epoch_23,Epoch_24,Epoch_25,Epoch_26,Epoch_27,Epoch_28,Epoch_29,Epoch_30
0.6775153148354907,0.6157011760003639,0.5591873677842545,0.5162444959084193,0.48387495450901263,0.46158836556203436,0.4369024941415498,0.4115380337744048,0.3997519187854998,0.38107483743718173,0.37351935176235257,0.36396136021975317,0.3485071189475782,0.3393902453509244,0.3284552910111167,0.32279452907316614,0.32010183663982333,0.31235834459463757,0.3065688761346268,0.30065685668677994,0.2953880801796913,0.2907088335716363,0.28949500078504736,0.2808670674761136,0.2793240419617205,0.2760526758025993,0.27319946162628406,0.2703307137796373,0.26754346546350105,0.2659598989694407
