Epoch_1,Epoch_2,Epoch_3,Epoch_4,Epoch_5,Epoch_6,Epoch_7,Epoch_8,Epoch_9,Epoch_10,Epoch_11,Epoch_12,Epoch_13,Epoch_14,Epoch_15,Epoch_16,Epoch_17,Epoch_18,Epoch_19,Epoch_20,Epoch_21,Epoch_22,Epoch_23,Epoch_24,Epoch_25,Epoch_26,Epoch_27,Epoch_28,Epoch_29,Epoch_30
0.7582038031382994,0.5093223258401408,0.36677765259237,0.30844302193233464,0.28207990154623985,0.258251698857004,0.24200630086389455,0.2284017348605575,0.21372305771166628,0.20620450321020503,0.19548527986714334,0.19071217203004795,0.1819675766834707,0.17696368361287046,0.17099680017792818,0.16703770603194382,0.1619687263825626,0.15690335112087656,0.15231692068504565,0.15206651231556229,0.14664890278469433,0.14438756160212285,0.1401681351390752,0.13755673153156583,0.13577502119270238,0.13215214680090095,0.13203804883541484,0.1291237720147227,0.12777614757192857,0.12601130331556
