Epoch_1,Epoch_2,Epoch_3,Epoch_4,Epoch_5,Epoch_6,Epoch_7,Epoch_8,Epoch_9,Epoch_10,Epoch_11,Epoch_12,Epoch_13,Epoch_14,Epoch_15,Epoch_16,Epoch_17,Epoch_18,Epoch_19,Epoch_20,Epoch_21,Epoch_22,Epoch_23,Epoch_24,Epoch_25,Epoch_26,Epoch_27,Epoch_28,Epoch_29,Epoch_30
0.9866591236170601,0.6709804955650779,0.6458211611298954,0.6373567300684312,0.6341032561133889,0.6283580415389117,0.6223369135576136,0.6213215414215537,0.618973549674539,0.6155013722531936,0.607568670721615,0.6002723925253924,0.5977617432089413,0.5866415816194871,0.5706596479696386,0.564962832366719,0.5501481645247516,0.5428254429031821,0.5341000539415023,0.5332473060664009,0.5244032091954175,0.5213611231130713,0.5146562369430766,0.5154750049114227,0.5104261110810673,0.504072392688078,0.5039042304543888,0.49885791189530315,0.49873438652823954,0.5013629233135897
