Epoch_1,Epoch_2,Epoch_3,Epoch_4,Epoch_5,Epoch_6,Epoch_7,Epoch_8,Epoch_9,Epoch_10,Epoch_11,Epoch_12,Epoch_13,Epoch_14,Epoch_15,Epoch_16,Epoch_17,Epoch_18,Epoch_19,Epoch_20,Epoch_21,Epoch_22,Epoch_23,Epoch_24,Epoch_25,Epoch_26,Epoch_27,Epoch_28,Epoch_29,Epoch_30
0.8909150852876551,0.6673001226256875,0.6566665172576904,0.642295076566584,0.6365265881313997,0.6329644953503328,0.631777938674478,0.6266940586707171,0.6205275304177228,0.6187576300957623,0.6148634027032291,0.6094526227782754,0.6009327979648814,0.5913790709832135,0.5820585734703961,0.5759862100376802,0.5654363281586591,0.55585036908879,0.548324374591603,0.5467226855895099,0.5467097689123714,0.5328826939358431,0.5311558807597441,0.5271028911366182,0.523354642531451,0.5167716916869668,0.518655563102049,0.5145414839772617,0.5146568978534025,0.5141260694054997
