Epoch_1,Epoch_2,Epoch_3,Epoch_4,Epoch_5,Epoch_6,Epoch_7,Epoch_8,Epoch_9,Epoch_10,Epoch_11,Epoch_12,Epoch_13,Epoch_14,Epoch_15,Epoch_16,Epoch_17,Epoch_18,Epoch_19,Epoch_20,Epoch_21,Epoch_22,Epoch_23,Epoch_24,Epoch_25,Epoch_26,Epoch_27,Epoch_28,Epoch_29,Epoch_30
0.8875007489148308,0.6706832191523384,0.650582821930156,0.6396816022255841,0.6386638003237107,0.6299331153140348,0.6290316511602962,0.6247138135573443,0.624210915144752,0.6160983758814195,0.619594370617586,0.6204916975077461,0.6130716239704805,0.6119440338190865,0.6094593020046458,0.6066812907948214,0.6023486326722538,0.5929625875809613,0.5772375113823834,0.5631889490520253,0.5614407202776741,0.5538912520689123,0.5445177239530227,0.5406791637925541,0.5378670236643623,0.5327613195952248,0.5331004858016968,0.5313840964261223,0.5259193988407359,0.5261767822153428
