Epoch_1,Epoch_2,Epoch_3,Epoch_4,Epoch_5,Epoch_6,Epoch_7,Epoch_8,Epoch_9,Epoch_10,Epoch_11,Epoch_12,Epoch_13,Epoch_14,Epoch_15,Epoch_16,Epoch_17,Epoch_18,Epoch_19,Epoch_20,Epoch_21,Epoch_22,Epoch_23,Epoch_24,Epoch_25,Epoch_26,Epoch_27,Epoch_28,Epoch_29,Epoch_30
0.6840135455131531,0.6118491537430707,0.6125847486888661,0.6151099976371316,0.6111063887091244,0.6096136254422805,0.6106331699034747,0.6071724225493038,0.6072049246114843,0.6048410079058479,0.6033347459400401,0.6055466287276324,0.6079230448778938,0.5967323359321145,0.5940089050461265,0.5932989611345179,0.592023095663856,0.5895856653942781,0.5894486273036283,0.5864120967247907,0.5846277790911057,0.5834188811919269,0.5783903002738953,0.578559489811168,0.5771310259314144,0.5760760622866014,0.579204145599814,0.575998842716217,0.5779639377313501,0.5747136684025035
