Epoch_1,Epoch_2,Epoch_3,Epoch_4,Epoch_5,Epoch_6,Epoch_7,Epoch_8,Epoch_9,Epoch_10,Epoch_11,Epoch_12,Epoch_13,Epoch_14,Epoch_15,Epoch_16,Epoch_17,Epoch_18,Epoch_19,Epoch_20,Epoch_21,Epoch_22,Epoch_23,Epoch_24,Epoch_25,Epoch_26,Epoch_27,Epoch_28,Epoch_29,Epoch_30
0.8411685333532446,0.6718477782081155,0.6469392145381254,0.6410373905125786,0.6334960320416618,0.6275741422877592,0.6241078692324021,0.624851265374352,0.624931226758396,0.6226779222488403,0.6172696141635671,0.6149959213593427,0.6092500967137954,0.5980558605755076,0.5855154885965235,0.5761469287030837,0.5700013392111835,0.5589645925690147,0.5513817089445451,0.5420773450066062,0.5436458237030927,0.5319558785242193,0.5326933510163251,0.5289615673177382,0.5285387600169462,0.5167779414092794,0.5180221340235542,0.5057431424365324,0.5135579600053675,0.5094919081996468
