Epoch_1,Epoch_2,Epoch_3,Epoch_4,Epoch_5,Epoch_6,Epoch_7,Epoch_8,Epoch_9,Epoch_10,Epoch_11,Epoch_12,Epoch_13,Epoch_14,Epoch_15,Epoch_16,Epoch_17,Epoch_18,Epoch_19,Epoch_20,Epoch_21,Epoch_22,Epoch_23,Epoch_24,Epoch_25,Epoch_26,Epoch_27,Epoch_28,Epoch_29,Epoch_30
0.9488219759043526,0.6702982608009788,0.64415284465341,0.634589482756222,0.6410785668036517,0.6269447172389311,0.6209082568393034,0.624124874086941,0.6197735176366919,0.6194398858967949,0.6203945419367622,0.61764855595196,0.6123944240457871,0.6117672920227051,0.6034969967954299,0.6012515040004954,0.5823174715042114,0.584497357116026,0.5657285486950594,0.5604172629468581,0.5489330537178937,0.5404864128898171,0.540531246101155,0.5343727171421051,0.5286003649234772,0.5279061443665448,0.5250346713206347,0.5184163416133207,0.5142649464747485,0.5160168672309202
