Epoch_1,Epoch_2,Epoch_3,Epoch_4,Epoch_5,Epoch_6,Epoch_7,Epoch_8,Epoch_9,Epoch_10,Epoch_11,Epoch_12,Epoch_13,Epoch_14,Epoch_15,Epoch_16,Epoch_17,Epoch_18,Epoch_19,Epoch_20,Epoch_21,Epoch_22,Epoch_23,Epoch_24,Epoch_25,Epoch_26,Epoch_27,Epoch_28,Epoch_29,Epoch_30
0.8399519148994895,0.6807048636324265,0.6630058709312888,0.6420852506861967,0.6343459276592031,0.6270397095119252,0.6310670586193309,0.6254592748249278,0.6208559029242572,0.6214620681370006,0.6214310737217174,0.6154416659299065,0.6128567387075985,0.6096629395204431,0.6080070734024048,0.5922179292230045,0.5860995369798997,0.5696191787719727,0.5769963211872998,0.5636612001587363,0.5532519992660073,0.5481940017027014,0.5432081292657291,0.5375830075320076,0.5328705082921421,0.5235042554490706,0.5242790404488059,0.5191612471552456,0.5166346816455617,0.5139134684029747
