Epoch_1,Epoch_2,Epoch_3,Epoch_4,Epoch_5,Epoch_6,Epoch_7,Epoch_8,Epoch_9,Epoch_10,Epoch_11,Epoch_12,Epoch_13,Epoch_14,Epoch_15,Epoch_16,Epoch_17,Epoch_18,Epoch_19,Epoch_20,Epoch_21,Epoch_22,Epoch_23,Epoch_24,Epoch_25,Epoch_26,Epoch_27,Epoch_28,Epoch_29,Epoch_30
0.9149303015540627,0.6846990550265593,0.6588069901746862,0.6422754035276526,0.6303642883020288,0.6349453014485976,0.6285729513448828,0.6260792963645038,0.6217631802839392,0.6253070936483496,0.6183272144373726,0.6151302912655998,0.6128359366865719,0.6015486366608563,0.5932615574668435,0.5891943012966829,0.5734596182318294,0.5628676975474638,0.56538886533064,0.5574992562041563,0.5506355657297022,0.540345689829658,0.5421144681818345,0.5426428072592792,0.5386773610816282,0.530907508204965,0.5331362345639397,0.5237371202777413,0.5163855429957894,0.516019261935178
